FreqDailyobsdate,SOFRINDEX,SOFR30DAYAVG,SOFR90DAYAVG,SOFR180DAYAVG
2018-04-02,1.00000000,,,
2018-04-03,1.00005000,,,
2018-04-04,1.00010084,,,
2018-04-05,1.00014917,,,
2018-04-06,1.00019779,,,
2018-04-09,1.00034365,,,
2018-04-10,1.00039228,,,
2018-04-11,1.00044091,,,
2018-04-12,1.00048982,,,
2018-04-13,1.00053790,,,
2018-04-16,1.00068131,,,
2018-04-17,1.00073051,,,
2018-04-18,1.00077944,,,
2018-04-19,1.00082809,,,
2018-04-20,1.00087618,,,
2018-04-23,1.00101964,,,
2018-04-24,1.00106691,,,
2018-04-25,1.00111446,,,
2018-04-26,1.00116201,,,
2018-04-27,1.00120985,,,
2018-04-30,1.00135335,,,
2018-05-01,1.00140259,,,
2018-05-02,1.00145155,1.741850000000000000,,
2018-05-03,1.00150023,1.740190000000000000,,
2018-05-04,1.00154863,1.737180000000000000,,
2018-05-07,1.00169219,1.734510000000000000,,
2018-05-08,1.00173977,1.733180000000000000,,
2018-05-09,1.00178763,1.732170000000000000,,
2018-05-10,1.00183549,1.731170000000000000,,
2018-05-11,1.00188364,1.730510000000000000,,
2018-05-14,1.00202807,1.729840000000000000,,
2018-05-15,1.00207678,1.730840000000000000,,
2018-05-16,1.00212661,1.733180000000000000,,
2018-05-17,1.00217532,1.732510000000000000,,
2018-05-18,1.00222376,1.731840000000000000,,
2018-05-21,1.00236825,1.731500000000000000,,
2018-05-22,1.00241531,1.730510000000000000,,
2018-05-23,1.00246125,1.728170000000000000,,
2018-05-24,1.00250775,1.727170000000000000,,
2018-05-25,1.00255621,1.728170000000000000,,
2018-05-28,#N/A,#N/A,,
2018-05-29,1.00274892,1.729830000000000000,,
2018-05-30,1.00279683,1.729830000000000000,,
2018-05-31,1.00284474,1.728160000000000000,,
2018-06-01,1.00289516,1.729830000000000000,,
2018-06-04,1.00304643,1.737170000000000000,,
2018-06-05,1.00309658,1.739840000000000000,,
2018-06-06,1.00314535,1.740840000000000000,,
2018-06-07,1.00319355,1.741510000000000000,,
2018-06-08,1.00324120,1.741180000000000000,,
2018-06-11,1.00338249,1.737500000000000000,,
2018-06-12,1.00342960,1.736170000000000000,,
2018-06-13,1.00347615,1.734170000000000000,,
2018-06-14,1.00352381,1.732830000000000000,,
2018-06-15,1.00357677,1.736500000000000000,,
2018-06-18,1.00373651,1.753520000000000000,,
2018-06-19,1.00378949,1.759200000000000000,,
2018-06-20,1.00384191,1.764210000000000000,,
2018-06-21,1.00389405,1.770220000000000000,,
2018-06-22,1.00394620,1.777560000000000000,,
2018-06-25,1.00410683,1.798260000000000000,,
2018-06-26,1.00416010,1.804270000000000000,,
2018-06-27,1.00421310,1.809950000000000000,,
2018-06-28,1.00426610,1.815620000000000000,,
2018-06-29,1.00431994,1.822630000000000000,,
2018-07-02,1.00449737,1.856680000000000000,1.778860000000000000,
2018-07-03,1.00455429,1.864360000000000000,1.781200000000000000,
2018-07-04,#N/A,#N/A,#N/A,
2018-07-05,1.00466591,1.877370000000000000,1.786890000000000000,
2018-07-06,1.00472088,1.884720000000000000,1.789350000000000000,
2018-07-09,1.00488248,1.906750000000000000,1.795370000000000000,
2018-07-10,1.00493523,1.913430000000000000,1.796940000000000000,
2018-07-11,1.00498799,1.920100000000000000,1.798390000000000000,
2018-07-12,1.00504075,1.926780000000000000,1.800170000000000000,
2018-07-13,1.00509380,1.934460000000000000,1.802180000000000000,
2018-07-16,1.00525294,1.940460000000000000,1.807650000000000000,
2018-07-17,1.00530739,1.941800000000000000,1.809770000000000000,
2018-07-18,1.00536101,1.942140000000000000,1.811670000000000000,
2018-07-19,1.00541407,1.942140000000000000,1.813560000000000000,
2018-07-20,1.00546713,1.942810000000000000,1.815580000000000000,
2018-07-23,1.00562465,1.942130000000000000,1.821150000000000000,
2018-07-24,1.00567689,1.940470000000000000,1.822940000000000000,
2018-07-25,1.00572997,1.939800000000000000,1.825060000000000000,
2018-07-26,1.00578221,1.938470000000000000,1.826730000000000000,
2018-07-27,1.00583529,1.938470000000000000,1.828750000000000000,
2018-07-30,1.00599287,1.928110000000000000,1.833540000000000000,
2018-07-31,1.00604541,1.920110000000000000,1.834880000000000000,
2018-08-01,1.00609934,1.913760000000000000,1.836890000000000000,
2018-08-02,1.00615188,1.908420000000000000,1.838450000000000000,
2018-08-03,1.00620527,1.905420000000000000,1.840580000000000000,
2018-08-06,1.00636123,1.894740000000000000,1.845370000000000000,
2018-08-07,1.00641322,1.892400000000000000,1.846940000000000000,
2018-08-08,1.00646550,1.890400000000000000,1.848610000000000000,
2018-08-09,1.00651806,1.890060000000000000,1.850280000000000000,
2018-08-10,1.00657146,1.890730000000000000,1.852300000000000000,
2018-08-13,1.00673084,1.891060000000000000,1.857760000000000000,
2018-08-14,1.00678425,1.891400000000000000,1.859100000000000000,
2018-08-15,1.00683822,1.892400000000000000,1.861110000000000000,
2018-08-16,1.00689360,1.893400000000000000,1.863790000000000000,
2018-08-17,1.00694926,1.895740000000000000,1.866690000000000000,
2018-08-20,1.00710869,1.896400000000000000,1.872830000000000000,
2018-08-21,1.00716184,1.897080000000000000,1.875620000000000000,
2018-08-22,1.00721500,1.897740000000000000,1.878190000000000000,
2018-08-23,1.00726816,1.898740000000000000,1.879980000000000000,
2018-08-24,1.00732244,1.900080000000000000,1.882320000000000000,
2018-08-27,1.00748613,1.906750000000000000,1.889690000000000000,
2018-08-28,1.00754070,1.909090000000000000,1.892260000000000000,
2018-08-29,1.00759528,1.911430000000000000,1.894820000000000000,
2018-08-30,1.00764930,1.913100000000000000,1.896160000000000000,
2018-08-31,1.00770332,1.913100000000000000,1.897510000000000000,
2018-09-03,#N/A,#N/A,#N/A,
2018-09-04,1.00792389,1.925440000000000000,1.905420000000000000,
2018-09-05,1.00797849,1.928440000000000000,1.907880000000000000,
2018-09-06,1.00803309,1.931450000000000000,1.910560000000000000,
2018-09-07,1.00808741,1.933790000000000000,1.913350000000000000,
2018-09-10,1.00825038,1.938120000000000000,1.921720000000000000,
2018-09-11,1.00830472,1.939460000000000000,1.924740000000000000,
2018-09-12,1.00835905,1.940800000000000000,1.927310000000000000,
2018-09-13,1.00841339,1.941800000000000000,1.927750000000000000,
2018-09-14,1.00846773,1.942130000000000000,1.928090000000000000,
2018-09-17,1.00863161,1.941460000000000000,1.929540000000000000,
2018-09-18,1.00868764,1.944800000000000000,1.930880000000000000,
2018-09-19,1.00874200,1.946140000000000000,1.931660000000000000,
2018-09-20,1.00879580,1.946810000000000000,1.932220000000000000,
2018-09-21,1.00884960,1.947470000000000000,1.932220000000000000,
2018-09-24,1.00901102,1.946470000000000000,1.932330000000000000,
2018-09-25,1.00906567,1.946470000000000000,1.932890000000000000,
2018-09-26,1.00911977,1.945800000000000000,1.933220000000000000,
2018-09-27,1.00917359,1.944800000000000000,1.933110000000000000,
2018-09-28,1.00923414,1.951810000000000000,1.933560000000000000,
2018-10-01,1.00942337,1.982530000000000000,1.938800000000000000,1.86432000000000000
2018-10-02,1.00948562,1.990880000000000000,1.941260000000000000,1.86701000000000000
2018-10-03,1.00954731,1.998560000000000000,1.943490000000000000,1.86953000000000000
2018-10-04,1.00960901,2.006240000000000000,1.946060000000000000,1.87206000000000000
2018-10-05,1.00967014,2.013920000000000000,1.948860000000000000,1.87447000000000000
2018-10-08,#N/A,#N/A,#N/A,#N/A
2018-10-09,1.00991246,2.042950000000000000,1.960010000000000000,1.88361000000000000
2018-10-10,1.00997278,2.049960000000000000,1.962920000000000000,1.88596000000000000
2018-10-11,1.01003310,2.056970000000000000,1.965710000000000000,1.88837000000000000
2018-10-12,1.01009398,2.064650000000000000,1.968720000000000000,1.89090000000000000
2018-10-15,1.01027748,2.088350000000000000,1.977540000000000000,1.89813000000000000
2018-10-16,1.01033950,2.097040000000000000,1.980780000000000000,1.90071000000000000
2018-10-17,1.01040068,2.104720000000000000,1.983900000000000000,1.90323000000000000
2018-10-18,1.01046187,2.110730000000000000,1.987030000000000000,1.90581000000000000
2018-10-19,1.01052334,2.119080000000000000,1.990490000000000000,1.90845000000000000
2018-10-22,1.01070776,2.146120000000000000,2.000990000000000000,1.91652000000000000
2018-10-23,1.01076896,2.154800000000000000,2.004110000000000000,1.91916000000000000
2018-10-24,1.01082989,2.163150000000000000,2.007460000000000000,1.92168000000000000
2018-10-25,1.01089110,2.170830000000000000,2.010590000000000000,1.92426000000000000
2018-10-26,1.01095259,2.179510000000000000,2.014050000000000000,1.92690000000000000
2018-10-29,1.01113709,2.187520000000000000,2.024440000000000000,1.93430000000000000
2018-10-30,1.01119832,2.185190000000000000,2.027230000000000000,1.93671000000000000
2018-10-31,1.01125956,2.182850000000000000,2.030580000000000000,1.93918000000000000
2018-11-01,1.01132192,2.182850000000000000,2.034040000000000000,1.94199000000000000
2018-11-02,1.01138428,2.183520000000000000,2.038060000000000000,1.94479000000000000
2018-11-05,1.01157392,2.190530000000000000,2.051120000000000000,1.95377000000000000
2018-11-06,1.01163686,2.193210000000000000,2.055260000000000000,1.95668000000000000
2018-11-07,1.01169924,2.195220000000000000,2.059050000000000000,1.95943000000000000
2018-11-08,1.01176051,2.195890000000000000,2.062070000000000000,1.96196000000000000
2018-11-09,1.01182262,2.197890000000000000,2.065530000000000000,1.96465000000000000
2018-11-12,#N/A,#N/A,#N/A,#N/A
2018-11-13,1.01206995,2.201880000000000000,2.078480000000000000,1.97463000000000000
2018-11-14,1.01213180,2.202550000000000000,2.080940000000000000,1.97721000000000000
2018-11-15,1.01219365,2.202220000000000000,2.083280000000000000,1.97985000000000000
2018-11-16,1.01225776,2.205560000000000000,2.087530000000000000,1.98293000000000000
2018-11-19,1.01244840,2.212900000000000000,2.099590000000000000,1.99253000000000000
2018-11-20,1.01251140,2.214570000000000000,2.103380000000000000,1.99572000000000000
2018-11-21,1.01257327,2.214910000000000000,2.106730000000000000,1.99831000000000000
2018-11-22,#N/A,#N/A,#N/A,#N/A
2018-11-23,1.01269591,2.215230000000000000,2.111980000000000000,2.00336000000000000
2018-11-26,1.01288410,2.219570000000000000,2.121360000000000000,2.01183000000000000
2018-11-27,1.01294600,2.219910000000000000,2.124160000000000000,2.01452000000000000
2018-11-28,1.01300762,2.219910000000000000,2.127060000000000000,2.01665000000000000
2018-11-29,1.01306925,2.220240000000000000,2.129960000000000000,2.01879000000000000
2018-11-30,1.01313228,2.222250000000000000,2.132980000000000000,2.02120000000000000
2018-12-03,1.01332478,2.227250000000000000,2.143370000000000000,2.02950000000000000
2018-12-04,1.01338755,2.226590000000000000,2.146500000000000000,2.03231000000000000
2018-12-05,#N/A,#N/A,#N/A,#N/A
2018-12-06,1.01351535,2.228250000000000000,2.153760000000000000,2.03871000000000000
2018-12-07,1.01358122,2.232260000000000000,2.158230000000000000,2.04235000000000000
2018-12-10,1.01377549,2.242610000000000000,2.170290000000000000,2.05273000000000000
2018-12-11,1.01383801,2.243290000000000000,2.173420000000000000,2.05560000000000000
2018-12-12,1.01389968,2.242960000000000000,2.176210000000000000,2.05722000000000000
2018-12-13,1.01396165,2.242960000000000000,2.179110000000000000,2.05885000000000000
2018-12-14,1.01402389,2.243290000000000000,2.182020000000000000,2.06054000000000000
2018-12-17,1.01421064,2.239610000000000000,2.190170000000000000,2.06581000000000000
2018-12-18,1.01427572,2.241290000000000000,2.194300000000000000,2.06828000000000000
2018-12-19,1.01434108,2.243290000000000000,2.198770000000000000,2.07081000000000000
2018-12-20,1.01440589,2.245300000000000000,2.203020000000000000,2.07294000000000000
2018-12-21,1.01447380,2.252310000000000000,2.208490000000000000,2.07569000000000000
2018-12-24,1.01467669,2.272680000000000000,2.224240000000000000,2.08394000000000000
2018-12-25,#N/A,#N/A,#N/A,#N/A
2018-12-26,1.01481255,2.284700000000000000,2.235080000000000000,2.08950000000000000
2018-12-27,1.01488133,2.292710000000000000,2.238210000000000000,2.09129000000000000
2018-12-28,1.01495011,2.301060000000000000,2.240330000000000000,2.09309000000000000
2018-12-31,1.01515818,2.323430000000000000,2.247700000000000000,2.09994000000000000
2019-01-01,#N/A,#N/A,#N/A,#N/A
2019-01-02,1.01532737,2.371520000000000000,2.265580000000000000,2.11133000000000000
2019-01-03,1.01541621,2.402240000000000000,2.276410000000000000,2.11818000000000000
2019-01-04,1.01549237,2.416610000000000000,2.282450000000000000,2.12250000000000000
2019-01-07,1.01569970,2.431300000000000000,2.292170000000000000,2.13171000000000000
2019-01-08,1.01576769,2.434970000000000000,2.295080000000000000,2.13463000000000000
2019-01-09,1.01583598,2.438980000000000000,2.298100000000000000,2.13755000000000000
2019-01-10,1.01590511,2.446660000000000000,2.301220000000000000,2.14064000000000000
2019-01-11,1.01597368,2.454680000000000000,2.304020000000000000,2.14361000000000000
2019-01-14,1.01617773,2.475050000000000000,2.311390000000000000,2.15181000000000000
2019-01-15,1.01624547,2.481400000000000000,2.313850000000000000,2.15462000000000000
2019-01-16,1.01631491,2.489750000000000000,2.316980000000000000,2.15776000000000000
2019-01-17,1.01638351,2.493750000000000000,2.319660000000000000,2.16085000000000000
2019-01-18,1.01645156,2.496760000000000000,2.322120000000000000,2.16383000000000000
2019-01-21,#N/A,#N/A,#N/A,#N/A
2019-01-22,1.01672487,2.502420000000000000,2.332730000000000000,2.17595000000000000
2019-01-23,1.01679293,2.502760000000000000,2.335300000000000000,2.17881000000000000
2019-01-24,1.01686072,2.502430000000000000,2.337650000000000000,2.18174000000000000
2019-01-25,1.01692879,2.502430000000000000,2.340110000000000000,2.18471000000000000
2019-01-28,1.01713218,2.497750000000000000,2.347260000000000000,2.19319000000000000
2019-01-29,1.01719970,2.495410000000000000,2.349600000000000000,2.19605000000000000
2019-01-30,1.01726752,2.493410000000000000,2.351610000000000000,2.19881000000000000
2019-01-31,1.01733505,2.473040000000000000,2.353510000000000000,2.20178000000000000
2019-02-01,1.01740796,2.459020000000000000,2.357210000000000000,2.20583000000000000
2019-02-04,1.01761738,2.429290000000000000,2.364690000000000000,2.21605000000000000
2019-02-05,1.01768522,2.427620000000000000,2.366700000000000000,2.21897000000000000
2019-02-06,1.01775307,2.425950000000000000,2.369160000000000000,2.22172000000000000
2019-02-07,1.01782035,2.424950000000000000,2.371060000000000000,2.22442000000000000
2019-02-08,1.01788764,2.423610000000000000,2.373080000000000000,2.22711000000000000
2019-02-11,1.01808867,2.417600000000000000,2.378780000000000000,2.23481000000000000
2019-02-12,1.01815654,2.417270000000000000,2.381010000000000000,2.23717000000000000
2019-02-13,1.01822414,2.416600000000000000,2.383130000000000000,2.23941000000000000
2019-02-14,1.01829145,2.415930000000000000,2.384250000000000000,2.24211000000000000
2019-02-15,1.01835906,2.413600000000000000,2.385710000000000000,2.24486000000000000
2019-02-18,#N/A,#N/A,#N/A,#N/A
2019-02-19,1.01863401,2.414930000000000000,2.394190000000000000,2.25677000000000000
2019-02-20,1.01870192,2.414260000000000000,2.396650000000000000,2.25935000000000000
2019-02-21,1.01876955,2.413260000000000000,2.399000000000000000,2.26183000000000000
2019-02-22,1.01883719,2.412590000000000000,2.400790000000000000,2.26430000000000000
2019-02-25,1.01904096,2.412250000000000000,2.406820000000000000,2.27188000000000000
2019-02-26,1.01910833,2.411590000000000000,2.408950000000000000,2.27441000000000000
2019-02-27,1.01917570,2.410920000000000000,2.411070000000000000,2.27694000000000000
2019-02-28,1.01924280,2.410260000000000000,2.412520000000000000,2.27919000000000000
2019-03-01,1.01931584,2.416270000000000000,2.415880000000000000,2.28261000000000000
2019-03-04,1.01951801,2.406240000000000000,2.419790000000000000,2.28964000000000000
2019-03-05,1.01958541,2.403240000000000000,2.421020000000000000,2.29205000000000000
2019-03-06,1.01965281,2.400240000000000000,2.422250000000000000,2.29452000000000000
2019-03-07,1.01972022,2.399570000000000000,2.422700000000000000,2.29700000000000000
2019-03-08,1.01978764,2.398900000000000000,2.423590000000000000,2.29947000000000000
2019-03-11,1.01999075,2.400230000000000000,2.427500000000000000,2.30705000000000000
2019-03-12,1.02005818,2.400570000000000000,2.429630000000000000,2.30953000000000000
2019-03-13,1.02012590,2.401240000000000000,2.431750000000000000,2.31206000000000000
2019-03-14,1.02019391,2.401240000000000000,2.433870000000000000,2.31459000000000000
2019-03-15,1.02026249,2.402240000000000000,2.436230000000000000,2.31723000000000000
2019-03-18,1.02047164,2.408250000000000000,2.443490000000000000,2.32560000000000000
2019-03-19,1.02053996,2.407600000000000000,2.444490000000000000,2.32835000000000000
2019-03-20,1.02060856,2.407270000000000000,2.445830000000000000,2.33116000000000000
2019-03-21,1.02067859,2.408600000000000000,2.446500000000000000,2.33425000000000000
2019-03-22,1.02074776,2.409940000000000000,2.446960000000000000,2.33718000000000000
2019-03-25,1.02095191,2.410600000000000000,2.446840000000000000,2.34504000000000000
2019-03-26,1.02101998,2.410610000000000000,2.446730000000000000,2.34774000000000000
2019-03-27,1.02108805,2.410610000000000000,2.446280000000000000,2.34909000000000000
2019-03-28,1.02115612,2.411270000000000000,2.445840000000000000,2.34993000000000000
2019-03-29,1.02122505,2.412940000000000000,2.445500000000000000,2.35095000000000000
2019-04-01,1.02145057,2.433640000000000000,2.445840000000000000,2.35814000000000000
2019-04-02,1.02152037,2.436320000000000000,2.439800000000000000,2.35960000000000000
2019-04-03,1.02159017,2.438990000000000000,2.432090000000000000,2.36117000000000000
2019-04-04,1.02166026,2.442000000000000000,2.429520000000000000,2.36292000000000000
2019-04-05,1.02173008,2.444670000000000000,2.429630000000000000,2.36460000000000000
2019-04-08,1.02193953,2.452340000000000000,2.430410000000000000,2.36972000000000000
2019-04-09,1.02200936,2.454690000000000000,2.430860000000000000,2.37146000000000000
2019-04-10,1.02207892,2.456690000000000000,2.430860000000000000,2.37303000000000000
2019-04-11,1.02214847,2.459030000000000000,2.431080000000000000,2.37455000000000000
2019-04-12,1.02221775,2.460700000000000000,2.431420000000000000,2.37602000000000000
2019-04-15,1.02242560,2.462030000000000000,2.432540000000000000,2.38023000000000000
2019-04-16,1.02249575,2.462370000000000000,2.432650000000000000,2.38186000000000000
2019-04-17,1.02256591,2.462700000000000000,2.433090000000000000,2.38343000000000000
2019-04-18,1.02263692,2.465710000000000000,2.434100000000000000,2.38518000000000000
2019-04-19,#N/A,#N/A,#N/A,#N/A
2019-04-22,1.02292099,2.474700000000000000,2.437680000000000000,2.39231000000000000
2019-04-23,1.02299089,2.476710000000000000,2.438240000000000000,2.39389000000000000
2019-04-24,1.02306079,2.478720000000000000,2.438910000000000000,2.39540000000000000
2019-04-25,1.02313013,2.480050000000000000,2.439240000000000000,2.39681000000000000
2019-04-26,1.02319976,2.481720000000000000,2.439800000000000000,2.39827000000000000
2019-04-29,1.02340952,2.478380000000000000,2.441920000000000000,2.40294000000000000
2019-04-30,1.02348002,2.472710000000000000,2.442820000000000000,2.40440000000000000
2019-05-01,1.02355848,2.476380000000000000,2.446950000000000000,2.40743000000000000
2019-05-02,1.02363070,2.479050000000000000,2.446510000000000000,2.40907000000000000
2019-05-03,1.02370179,2.480390000000000000,2.446850000000000000,2.41047000000000000
2019-05-06,1.02390909,2.477040000000000000,2.446280000000000000,2.41373000000000000
2019-05-07,1.02397792,2.475710000000000000,2.446510000000000000,2.41508000000000000
2019-05-08,1.02404732,2.475050000000000000,2.447180000000000000,2.41637000000000000
2019-05-09,1.02411644,2.474040000000000000,2.447740000000000000,2.41767000000000000
2019-05-10,1.02418500,2.472710000000000000,2.448190000000000000,2.41885000000000000
2019-05-13,1.02438984,2.468360000000000000,2.448860000000000000,2.42222000000000000
2019-05-14,1.02445756,2.466360000000000000,2.448740000000000000,2.42323000000000000
2019-05-15,1.02452558,2.464690000000000000,2.448860000000000000,2.42385000000000000
2019-05-16,1.02459615,2.465030000000000000,2.449860000000000000,2.42509000000000000
2019-05-17,1.02466531,2.463690000000000000,2.449870000000000000,2.42605000000000000
2019-05-20,1.02487195,2.455690000000000000,2.449530000000000000,2.42919000000000000
2019-05-21,1.02493999,2.452020000000000000,2.449420000000000000,2.43037000000000000
2019-05-22,1.02500775,2.448010000000000000,2.449310000000000000,2.43150000000000000
2019-05-23,1.02507523,2.445010000000000000,2.449080000000000000,2.43229000000000000
2019-05-24,1.02514272,2.442000000000000000,2.448750000000000000,2.43308000000000000
2019-05-27,#N/A,#N/A,#N/A,#N/A
2019-05-28,1.02541267,2.430960000000000000,2.447850000000000000,2.43684000000000000
2019-05-29,1.02548132,2.429290000000000000,2.448300000000000000,2.43779000000000000
2019-05-30,1.02554968,2.426620000000000000,2.446280000000000000,2.43847000000000000
2019-05-31,1.02561805,2.414600000000000000,2.446510000000000000,2.43915000000000000
2019-06-03,1.02583087,2.414590000000000000,2.450200000000000000,2.44302000000000000
2019-06-04,1.02589926,2.413600000000000000,2.450420000000000000,2.44375000000000000
2019-06-05,1.02596737,2.412260000000000000,2.450530000000000000,2.44404000000000000
2019-06-06,1.02603576,2.411590000000000000,2.450760000000000000,2.44460000000000000
2019-06-07,1.02610417,2.410260000000000000,2.450870000000000000,2.44516000000000000
2019-06-10,1.02630853,2.407910000000000000,2.450980000000000000,2.44775000000000000
2019-06-11,1.02637667,2.407580000000000000,2.450980000000000000,2.44882000000000000
2019-06-12,1.02644452,2.406920000000000000,2.450760000000000000,2.44977000000000000
2019-06-13,1.02651210,2.406580000000000000,2.450200000000000000,2.45067000000000000
2019-06-14,1.02657911,2.405250000000000000,2.448970000000000000,2.45146000000000000
2019-06-17,1.02678014,2.395890000000000000,2.445840000000000000,2.45264000000000000
2019-06-18,1.02684888,2.395560000000000000,2.445730000000000000,2.45326000000000000
2019-06-19,1.02691705,2.394560000000000000,2.444830000000000000,2.45314000000000000
2019-06-20,1.02698437,2.393560000000000000,2.443940000000000000,2.45292000000000000
2019-06-21,1.02705170,2.392890000000000000,2.443490000000000000,2.45270000000000000
2019-06-24,1.02725454,2.392890000000000000,2.442480000000000000,2.45208000000000000
2019-06-25,1.02732274,2.393570000000000000,2.442370000000000000,2.45180000000000000
2019-06-26,1.02739151,2.394910000000000000,2.442480000000000000,2.45163000000000000
2019-06-27,1.02746086,2.396910000000000000,2.442480000000000000,2.45146000000000000
2019-06-28,1.02752993,2.397250000000000000,2.439920000000000000,2.45124000000000000
2019-07-01,1.02774400,2.404260000000000000,2.437010000000000000,2.44584000000000000
2019-07-02,1.02781308,2.401920000000000000,2.436560000000000000,2.44173000000000000
2019-07-03,1.02788475,2.402590000000000000,2.437010000000000000,2.44066000000000000
2019-07-04,#N/A,#N/A,#N/A,#N/A
2019-07-05,1.02803093,2.413610000000000000,2.439240000000000000,2.44190000000000000
2019-07-08,1.02825282,2.432970000000000000,2.443600000000000000,2.44465000000000000
2019-07-09,1.02832365,2.435980000000000000,2.443940000000000000,2.44482000000000000
2019-07-10,1.02839364,2.437980000000000000,2.443940000000000000,2.44494000000000000
2019-07-11,1.02846391,2.440320000000000000,2.444160000000000000,2.44522000000000000
2019-07-12,1.02853276,2.441320000000000000,2.443830000000000000,2.44522000000000000
2019-07-15,1.02873504,2.441650000000000000,2.440810000000000000,2.44415000000000000
2019-07-16,1.02880533,2.445330000000000000,2.440690000000000000,2.44432000000000000
2019-07-17,1.02887592,2.449340000000000000,2.440360000000000000,2.44465000000000000
2019-07-18,1.02894651,2.451340000000000000,2.440030000000000000,2.44494000000000000
2019-07-19,1.02901683,2.453680000000000000,2.439590000000000000,2.44517000000000000
2019-07-22,1.02922349,2.458350000000000000,2.437010000000000000,2.44505000000000000
2019-07-23,1.02929210,2.459360000000000000,2.436340000000000000,2.44505000000000000
2019-07-24,1.02936072,2.460360000000000000,2.435890000000000000,2.44499000000000000
2019-07-25,1.02942963,2.461030000000000000,2.435450000000000000,2.44505000000000000
2019-07-26,1.02949883,2.461360000000000000,2.435000000000000000,2.44517000000000000
2019-07-29,1.02970559,2.457350000000000000,2.433100000000000000,2.44539000000000000
2019-07-30,1.02977424,2.454020000000000000,2.429080000000000000,2.44544000000000000
2019-07-31,1.02984260,2.450340000000000000,2.427400000000000000,2.44438000000000000
2019-08-01,1.02991555,2.454680000000000000,2.427960000000000000,2.44483000000000000
2019-08-02,1.02997820,2.444000000000000000,2.425280000000000000,2.44325000000000000
2019-08-05,1.03016617,2.405930000000000000,2.417340000000000000,2.43932000000000000
2019-08-06,1.03022712,2.390570000000000000,2.413870000000000000,2.43791000000000000
2019-08-07,1.03028751,2.374540000000000000,2.410300000000000000,2.43639000000000000
2019-08-08,1.03034761,2.361850000000000000,2.406830000000000000,2.43488000000000000
2019-08-09,1.03040742,2.349830000000000000,2.403370000000000000,2.43330000000000000
2019-08-12,1.03058860,2.319770000000000000,2.393870000000000000,2.42863000000000000
2019-08-13,1.03064930,2.311760000000000000,2.390850000000000000,2.42717000000000000
2019-08-14,1.03071113,2.305080000000000000,2.387270000000000000,2.42588000000000000
2019-08-15,1.03077212,2.294060000000000000,2.383920000000000000,2.42419000000000000
2019-08-16,1.03083454,2.284370000000000000,2.381240000000000000,2.42279000000000000
2019-08-19,1.03101751,2.252650000000000000,2.371850000000000000,2.41790000000000000
2019-08-20,1.03107794,2.242640000000000000,2.368830000000000000,2.41632000000000000
2019-08-21,1.03113894,2.233290000000000000,2.366150000000000000,2.41486000000000000
2019-08-22,1.03119909,2.223270000000000000,2.363130000000000000,2.41318000000000000
2019-08-23,1.03125896,2.212920000000000000,2.360010000000000000,2.41143000000000000
2019-08-26,1.03143943,2.181530000000000000,2.350960000000000000,2.40660000000000000
2019-08-27,1.03149960,2.171180000000000000,2.347490000000000000,2.40508000000000000
2019-08-28,1.03156120,2.162500000000000000,2.344700000000000000,2.40266000000000000
2019-08-29,1.03162195,2.153150000000000000,2.341570000000000000,2.40120000000000000
2019-08-30,1.03168270,2.144130000000000000,2.337440000000000000,2.39974000000000000
2019-09-02,#N/A,#N/A,#N/A,#N/A
2019-09-03,1.03193030,2.128090000000000000,2.324810000000000000,2.39479000000000000
2019-09-04,1.03199251,2.127420000000000000,2.322240000000000000,2.39361000000000000
2019-09-05,1.03205586,2.130100000000000000,2.320110000000000000,2.39260000000000000
2019-09-06,1.03211922,2.133430000000000000,2.318100000000000000,2.39159000000000000
2019-09-09,1.03230414,2.138440000000000000,2.310060000000000000,2.38760000000000000
2019-09-10,1.03236493,2.138780000000000000,2.307150000000000000,2.38602000000000000
2019-09-11,1.03242630,2.139780000000000000,2.304580000000000000,2.38445000000000000
2019-09-12,1.03248796,2.140780000000000000,2.302350000000000000,2.38271000000000000
2019-09-13,1.03255105,2.142120000000000000,2.300670000000000000,2.38125000000000000
2019-09-16,1.03274035,2.147450000000000000,2.294970000000000000,2.37736000000000000
2019-09-17,1.03281006,2.157470000000000000,2.295420000000000000,2.37714000000000000
2019-09-18,1.03296068,2.261660000000000000,2.327710000000000000,2.39294000000000000
2019-09-19,1.03303385,2.276350000000000000,2.329840000000000000,2.39378000000000000
2019-09-20,1.03308981,2.270340000000000000,2.325150000000000000,2.39125000000000000
2019-09-23,1.03324993,2.246630000000000000,2.307820000000000000,2.38214000000000000
2019-09-24,1.03330303,2.238280000000000000,2.301560000000000000,2.37905000000000000
2019-09-25,1.03335929,2.233610000000000000,2.296310000000000000,2.37641000000000000
2019-09-26,1.03341699,2.230600000000000000,2.291730000000000000,2.37281000000000000
2019-09-27,1.03347009,2.220580000000000000,2.284470000000000000,2.36832000000000000
2019-09-30,1.03362684,2.189200000000000000,2.262570000000000000,2.35646000000000000
2019-10-01,1.03369431,2.195550000000000000,2.260780000000000000,2.35578000000000000
2019-10-02,1.03374829,2.186210000000000000,2.253190000000000000,2.35252000000000000
2019-10-03,1.03380141,2.175850000000000000,2.245250000000000000,2.34910000000000000
2019-10-04,1.03385425,2.164840000000000000,2.236880000000000000,2.34561000000000000
2019-10-07,1.03401105,2.127770000000000000,2.212300000000000000,2.33488000000000000
2019-10-08,1.03406362,2.117090000000000000,2.205370000000000000,2.33139000000000000
2019-10-09,1.03411675,2.107070000000000000,2.198560000000000000,2.32808000000000000
2019-10-10,1.03416990,2.098060000000000000,2.192300000000000000,2.32476000000000000
2019-10-11,1.03422304,2.088370000000000000,2.186610000000000000,2.32145000000000000
2019-10-14,#N/A,#N/A,#N/A,#N/A
2019-10-15,1.03443563,2.043290000000000000,2.161470000000000000,2.30751000000000000
2019-10-16,1.03449310,2.036620000000000000,2.156220000000000000,2.30470000000000000
2019-10-17,1.03455201,2.023930000000000000,2.151640000000000000,2.30217000000000000
2019-10-18,1.03460805,1.913760000000000000,2.146500000000000000,2.29908000000000000
2019-10-21,1.03477014,1.889720000000000000,2.128860000000000000,2.28908000000000000
2019-10-22,1.03482360,1.889720000000000000,2.122820000000000000,2.28582000000000000
2019-10-23,1.03487735,1.890060000000000000,2.116790000000000000,2.28256000000000000
2019-10-24,1.03493111,1.890720000000000000,2.110650000000000000,2.27925000000000000
2019-10-25,1.03498458,1.887390000000000000,2.104510000000000000,2.27588000000000000
2019-10-28,1.03514328,1.882040000000000000,2.085520000000000000,2.26363000000000000
2019-10-29,1.03519561,1.882040000000000000,2.079160000000000000,2.25959000000000000
2019-10-30,1.03524766,1.881710000000000000,2.070890000000000000,2.25571000000000000
2019-10-31,1.03529999,1.864020000000000000,2.066760000000000000,2.25228000000000000
2019-11-01,1.03535061,1.860010000000000000,2.061960000000000000,2.24852000000000000
2019-11-04,1.03548693,1.834310000000000000,2.042190000000000000,2.23420000000000000
2019-11-05,1.03553180,1.825630000000000000,2.036050000000000000,2.22931000000000000
2019-11-06,1.03557725,1.817620000000000000,2.030240000000000000,2.22465000000000000
2019-11-07,1.03562241,1.808940000000000000,2.024440000000000000,2.21999000000000000
2019-11-08,1.03566729,1.799260000000000000,2.018300000000000000,2.21527000000000000
2019-11-11,#N/A,#N/A,#N/A,#N/A
2019-11-12,1.03584681,1.760540000000000000,1.993060000000000000,2.19611000000000000
2019-11-13,1.03589198,1.751190000000000000,1.986810000000000000,2.19128000000000000
2019-11-14,1.03593716,1.741850000000000000,1.980000000000000000,2.18651000000000000
2019-11-15,1.03598262,1.727830000000000000,1.973860000000000000,2.18180000000000000
2019-11-18,1.03611989,1.690780000000000000,1.955990000000000000,2.16821000000000000
2019-11-19,1.03616479,1.680100000000000000,1.949630000000000000,2.16366000000000000
2019-11-20,1.03620998,1.669750000000000000,1.943710000000000000,2.15916000000000000
2019-11-21,1.03625517,1.660070000000000000,1.937910000000000000,2.15467000000000000
2019-11-22,1.03630065,1.650390000000000000,1.932100000000000000,2.15024000000000000
2019-11-25,1.03643709,1.622690000000000000,1.914690000000000000,2.13671000000000000
2019-11-26,1.03648201,1.613350000000000000,1.908100000000000000,2.13199000000000000
2019-11-27,1.03652634,1.603330000000000000,1.901620000000000000,2.12716000000000000
2019-11-28,#N/A,#N/A,#N/A,#N/A
2019-11-29,1.03661560,1.585640000000000000,1.888460000000000000,2.11661000000000000
2019-12-02,1.03675814,1.578630000000000000,1.871380000000000000,2.10353000000000000
2019-12-03,1.03680508,1.580300000000000000,1.865350000000000000,2.09921000000000000
2019-12-04,1.03684972,1.579300000000000000,1.857980000000000000,2.09444000000000000
2019-12-05,1.03689407,1.578630000000000000,1.850510000000000000,2.08967000000000000
2019-12-06,1.03693872,1.577630000000000000,1.843810000000000000,2.08495000000000000
2019-12-09,1.03707265,1.576300000000000000,1.824050000000000000,2.07086000000000000
2019-12-10,1.03711759,1.576300000000000000,1.817580000000000000,2.06632000000000000
2019-12-11,1.03716225,1.575970000000000000,1.810880000000000000,2.06183000000000000
2019-12-12,1.03720661,1.575300000000000000,1.803520000000000000,2.05728000000000000
2019-12-13,1.03725070,1.573970000000000000,1.796040000000000000,2.05268000000000000
2019-12-16,1.03738381,1.569960000000000000,1.771380000000000000,2.03848000000000000
2019-12-17,1.03743049,1.570960000000000000,1.730870000000000000,2.03433000000000000
2019-12-18,1.03747487,1.569290000000000000,1.719600000000000000,2.02973000000000000
2019-12-19,1.03751896,1.568290000000000000,1.714920000000000000,2.02502000000000000
2019-12-20,1.03756306,1.566960000000000000,1.711240000000000000,2.02030000000000000
2019-12-23,1.03769535,1.562280000000000000,1.700300000000000000,2.00582000000000000
2019-12-24,1.03773916,1.560280000000000000,1.695390000000000000,2.00072000000000000
2019-12-25,#N/A,#N/A,#N/A,#N/A
2019-12-26,1.03782679,1.556940000000000000,1.686240000000000000,1.99017000000000000
2019-12-27,1.03787061,1.556280000000000000,1.682900000000000000,1.98467000000000000
2019-12-30,1.03800294,1.550940000000000000,1.667280000000000000,1.96874000000000000
2019-12-31,1.03804734,1.547270000000000000,1.663480000000000000,1.96302000000000000
2020-01-01,#N/A,#N/A,#N/A,#N/A
2020-01-02,1.03813673,1.541260000000000000,1.656900000000000000,1.95152000000000000
2020-01-03,1.03818114,1.540920000000000000,1.653780000000000000,1.94563000000000000
2020-01-06,1.03831524,1.541260000000000000,1.644630000000000000,1.92953000000000000
2020-01-07,1.03835994,1.541260000000000000,1.641280000000000000,1.92443000000000000
2020-01-08,1.03840494,1.541590000000000000,1.638050000000000000,1.91966000000000000
2020-01-09,1.03844965,1.541260000000000000,1.634700000000000000,1.91512000000000000
2020-01-10,1.03849436,1.541260000000000000,1.631350000000000000,1.91058000000000000
2020-01-13,1.03862850,1.542590000000000000,1.621320000000000000,1.89577000000000000
2020-01-14,1.03867293,1.542590000000000000,1.616180000000000000,1.89056000000000000
2020-01-15,1.03871765,1.542930000000000000,1.610610000000000000,1.88545000000000000
2020-01-16,1.03876266,1.540920000000000000,1.606260000000000000,1.88069000000000000
2020-01-17,1.03880739,1.541260000000000000,1.602580000000000000,1.87587000000000000
2020-01-20,#N/A,#N/A,#N/A,#N/A
2020-01-21,1.03898514,1.542590000000000000,1.587740000000000000,1.85647000000000000
2020-01-22,1.03902958,1.542920000000000000,1.584060000000000000,1.85153000000000000
2020-01-23,1.03907403,1.543590000000000000,1.580490000000000000,1.84666000000000000
2020-01-24,1.03911848,1.544260000000000000,1.577140000000000000,1.84178000000000000
2020-01-27,1.03925097,1.544920000000000000,1.566990000000000000,1.82715000000000000
2020-01-28,1.03929513,1.544930000000000000,1.563870000000000000,1.82143000000000000
2020-01-29,1.03933930,1.544930000000000000,1.560630000000000000,1.81773000000000000
2020-01-30,1.03938348,1.544590000000000000,1.558070000000000000,1.81403000000000000
2020-01-31,1.03942909,1.545600000000000000,1.558070000000000000,1.81061000000000000
2020-02-03,1.03956768,1.550930000000000000,1.558960000000000000,1.80147000000000000
2020-02-04,1.03961360,1.552270000000000000,1.559070000000000000,1.79861000000000000
2020-02-05,1.03965980,1.553940000000000000,1.559410000000000000,1.79587000000000000
2020-02-06,1.03970572,1.555270000000000000,1.559740000000000000,1.79295000000000000
2020-02-07,1.03975164,1.556270000000000000,1.560080000000000000,1.79004000000000000
2020-02-10,1.03988854,1.559280000000000000,1.560750000000000000,1.78079000000000000
2020-02-11,1.03993418,1.560280000000000000,1.560860000000000000,1.77771000000000000
2020-02-12,1.03997982,1.561280000000000000,1.560970000000000000,1.77435000000000000
2020-02-13,1.04002518,1.562280000000000000,1.560860000000000000,1.77121000000000000
2020-02-14,1.04007054,1.562950000000000000,1.560640000000000000,1.76807000000000000
2020-02-17,#N/A,#N/A,#N/A,#N/A
2020-02-18,1.04025313,1.567290000000000000,1.560740000000000000,1.75602000000000000
2020-02-19,1.04029936,1.569290000000000000,1.561080000000000000,1.75327000000000000
2020-02-20,1.04034531,1.570960000000000000,1.561190000000000000,1.75042000000000000
2020-02-21,1.04039154,1.572960000000000000,1.561420000000000000,1.74762000000000000
2020-02-24,1.04052853,1.577300000000000000,1.561640000000000000,1.73859000000000000
2020-02-25,1.04057420,1.578970000000000000,1.562080000000000000,1.73557000000000000
2020-02-26,1.04062015,1.580970000000000000,1.562530000000000000,1.73260000000000000
2020-02-27,1.04066583,1.582640000000000000,1.562860000000000000,1.72935000000000000
2020-02-28,1.04071150,1.584310000000000000,1.562090000000000000,1.72610000000000000
2020-03-02,1.04085026,1.587310000000000000,1.560630000000000000,1.71663000000000000
2020-03-03,1.04089623,1.586980000000000000,1.561080000000000000,1.71316000000000000
2020-03-04,1.04094365,1.588310000000000000,1.562200000000000000,1.70996000000000000
2020-03-05,1.04097922,1.576300000000000000,1.558630000000000000,1.70481000000000000
2020-03-06,1.04101160,1.560280000000000000,1.553830000000000000,1.69904000000000000
2020-03-09,1.04110703,1.511550000000000000,1.538660000000000000,1.68162000000000000
2020-03-10,1.04113855,1.495200000000000000,1.533530000000000000,1.67568000000000000
2020-03-11,1.04117065,1.479520000000000000,1.528740000000000000,1.66957000000000000
2020-03-12,1.04120391,1.465170000000000000,1.524500000000000000,1.66369000000000000
2020-03-13,1.04123862,1.452480000000000000,1.520710000000000000,1.65809000000000000
2020-03-16,1.04133407,1.405100000000000000,1.505090000000000000,1.62124000000000000
2020-03-17,1.04134159,1.361050000000000000,1.490820000000000000,1.60842000000000000
2020-03-18,1.04135721,1.326350000000000000,1.479780000000000000,1.60052000000000000
2020-03-19,1.04136010,1.276970000000000000,1.463830000000000000,1.59066000000000000
2020-03-20,1.04136184,1.225580000000000000,1.447440000000000000,1.58059000000000000
2020-03-23,1.04136531,1.070440000000000000,1.397710000000000000,1.54951000000000000
2020-03-24,1.04136588,1.018400000000000000,1.380990000000000000,1.53837000000000000
2020-03-25,1.04136617,0.966020000000000000,1.364150000000000000,1.52807000000000000
2020-03-26,1.04136646,0.913650000000000000,1.347320000000000000,1.51794000000000000
2020-03-27,1.04136675,0.860950000000000000,1.330370000000000000,1.50781000000000000
2020-03-30,1.04136762,0.703180000000000000,1.279430000000000000,1.47412000000000000
2020-03-31,1.04136791,0.650160000000000000,1.262270000000000000,1.46382000000000000
2020-04-01,1.04136820,0.597130000000000000,1.245100000000000000,1.45358000000000000
2020-04-02,1.04136849,0.544440000000000000,1.228050000000000000,1.44345000000000000
2020-04-03,1.04136878,0.490090000000000000,1.210890000000000000,1.43333000000000000
2020-04-06,1.04136965,0.376050000000000000,1.159410000000000000,1.40272000000000000
2020-04-07,1.04136993,0.339710000000000000,1.142130000000000000,1.39243000000000000
2020-04-08,1.04137022,0.303360000000000000,1.124980000000000000,1.38214000000000000
2020-04-09,1.04137051,0.267360000000000000,1.107820000000000000,1.37184000000000000
2020-04-10,#N/A,#N/A,#N/A,#N/A
2020-04-13,1.04137167,0.116670000000000000,1.039300000000000000,1.32984000000000000
2020-04-14,1.04137225,0.080670000000000000,1.022260000000000000,1.31849000000000000
2020-04-15,1.04137398,0.046000000000000000,1.005550000000000000,1.30792000000000000
2020-04-16,1.04137485,0.038330000000000000,0.988620000000000000,1.29758000000000000
2020-04-17,1.04137572,0.021330000000000000,0.971800000000000000,1.28724000000000000
2020-04-20,1.04137832,0.017670000000000000,0.921360000000000000,1.25638000000000000
2020-04-21,1.04137890,0.017000000000000000,0.904430000000000000,1.24603000000000000
2020-04-22,1.04137919,0.016000000000000000,0.887390000000000000,1.23569000000000000
2020-04-23,1.04137948,0.015670000000000000,0.870350000000000000,1.22546000000000000
2020-04-24,1.04137977,0.015670000000000000,0.853430000000000000,1.21524000000000000
2020-04-27,1.04138237,0.017670000000000000,0.803330000000000000,1.18517000000000000
2020-04-28,1.04138324,0.018330000000000000,0.786630000000000000,1.17517000000000000
2020-04-29,1.04138353,0.018330000000000000,0.769710000000000000,1.16539000000000000
2020-04-30,1.04138382,0.018330000000000000,0.752230000000000000,1.15662000000000000
2020-05-01,1.04138498,0.019330000000000000,0.734870000000000000,1.14801000000000000
2020-05-04,1.04138758,0.021330000000000000,0.682550000000000000,1.12214000000000000
2020-05-05,1.04138903,0.022670000000000000,0.665300000000000000,1.11365000000000000
2020-05-06,1.04139047,0.024000000000000000,0.648160000000000000,1.10522000000000000
2020-05-07,1.04139192,0.025330000000000000,0.631030000000000000,1.09678000000000000
2020-05-08,1.04139337,0.026670000000000000,0.614000000000000000,1.08835000000000000
2020-05-11,1.04139857,0.031670000000000000,0.563260000000000000,1.06316000000000000
2020-05-12,1.04140031,0.033330000000000000,0.546350000000000000,1.05473000000000000
2020-05-13,1.04140204,0.035000000000000000,0.529550000000000000,1.04624000000000000
2020-05-14,1.04140320,0.035670000000000000,0.512530000000000000,1.03758000000000000
2020-05-15,1.04140378,0.034330000000000000,0.495180000000000000,1.02882000000000000
2020-05-18,1.04140812,0.036330000000000000,0.444120000000000000,1.00330000000000000
2020-05-19,1.04140928,0.036670000000000000,0.426770000000000000,0.99476000000000000
2020-05-20,1.04141043,0.037000000000000000,0.409530000000000000,0.98616000000000000
2020-05-21,1.04141072,0.036670000000000000,0.391840000000000000,0.97739000000000000
2020-05-22,1.04141130,0.037000000000000000,0.374500000000000000,0.96869000000000000
2020-05-25,#N/A,#N/A,#N/A,#N/A
2020-05-26,1.04141593,0.039670000000000000,0.305880000000000000,0.93481000000000000
2020-05-27,1.04141767,0.040670000000000000,0.288980000000000000,0.92649000000000000
2020-05-28,1.04141940,0.041670000000000000,0.272080000000000000,0.91762000000000000
2020-05-29,1.04142114,0.043330000000000000,0.254960000000000000,0.90874000000000000
2020-06-01,1.04142634,0.046670000000000000,0.203710000000000000,0.88279000000000000
2020-06-02,1.04142808,0.047670000000000000,0.186150000000000000,0.87454000000000000
2020-06-03,1.04143010,0.049000000000000000,0.173260000000000000,0.86628000000000000
2020-06-04,1.04143184,0.049330000000000000,0.161470000000000000,0.85797000000000000
2020-06-05,1.04143386,0.050000000000000000,0.150020000000000000,0.84971000000000000
2020-06-08,1.04143994,0.051670000000000000,0.115790000000000000,0.82488000000000000
2020-06-09,1.04144196,0.052000000000000000,0.104230000000000000,0.81668000000000000
2020-06-10,1.04144428,0.052670000000000000,0.092340000000000000,0.80860000000000000
2020-06-11,1.04144630,0.053000000000000000,0.079780000000000000,0.80040000000000000
2020-06-12,1.04144862,0.053670000000000000,0.068450000000000000,0.79225000000000000
2020-06-15,1.04145556,0.058000000000000000,0.043780000000000000,0.76738000000000000
2020-06-16,1.04145817,0.059330000000000000,0.038780000000000000,0.75935000000000000
2020-06-17,1.04146077,0.060670000000000000,0.038670000000000000,0.75132000000000000
2020-06-18,1.04146337,0.062330000000000000,0.039000000000000000,0.74329000000000000
2020-06-19,1.04146598,0.064000000000000000,0.039560000000000000,0.73526000000000000
2020-06-22,1.04147379,0.070670000000000000,0.041450000000000000,0.71129000000000000
2020-06-23,1.04147610,0.072000000000000000,0.042220000000000000,0.70326000000000000
2020-06-24,1.04147813,0.073000000000000000,0.042890000000000000,0.69518000000000000
2020-06-25,1.04148044,0.074340000000000000,0.043670000000000000,0.68709000000000000
2020-06-26,1.04148304,0.075340000000000000,0.044560000000000000,0.67907000000000000
2020-06-29,1.04148999,0.077340000000000000,0.046890000000000000,0.65465000000000000
2020-06-30,1.04149230,0.078000000000000000,0.047670000000000000,0.64646000000000000
2020-07-01,1.04149520,0.079340000000000000,0.048670000000000000,0.63843000000000000
2020-07-02,1.04149838,0.081000000000000000,0.049780000000000000,0.63041000000000000
2020-07-03,#N/A,#N/A,#N/A,#N/A
2020-07-06,1.04151111,0.086670000000000000,0.054230000000000000,0.59826000000000000
2020-07-07,1.04151400,0.087670000000000000,0.055230000000000000,0.59018000000000000
2020-07-08,1.04151689,0.088670000000000000,0.056230000000000000,0.58210000000000000
2020-07-09,1.04151979,0.089670000000000000,0.057230000000000000,0.57402000000000000
2020-07-10,1.04152268,0.090340000000000000,0.058230000000000000,0.56594000000000000
2020-07-13,1.04153136,0.092670000000000000,0.061120000000000000,0.54177000000000000
2020-07-14,1.04153425,0.093340000000000000,0.061560000000000000,0.53363000000000000
2020-07-15,1.04153743,0.094340000000000000,0.062450000000000000,0.52561000000000000
2020-07-16,1.04154120,0.095670000000000000,0.063560000000000000,0.51776000000000000
2020-07-17,1.04154467,0.096670000000000000,0.064560000000000000,0.50985000000000000
2020-07-20,1.04155508,0.099670000000000000,0.067670000000000000,0.48613000000000000
2020-07-21,1.04155855,0.100670000000000000,0.068890000000000000,0.47822000000000000
2020-07-22,1.04156174,0.101340000000000000,0.070010000000000000,0.47026000000000000
2020-07-23,1.04156463,0.102000000000000000,0.071010000000000000,0.46229000000000000
2020-07-24,1.04156752,0.103000000000000000,0.071780000000000000,0.45433000000000000
2020-07-27,1.04157620,0.104670000000000000,0.074120000000000000,0.43045000000000000
2020-07-28,1.04157910,0.105340000000000000,0.075120000000000000,0.42249000000000000
2020-07-29,1.04158199,0.106000000000000000,0.076120000000000000,0.41425000000000000
2020-07-30,1.04158459,0.106340000000000000,0.076670000000000000,0.40584000000000000
2020-07-31,1.04158749,0.106340000000000000,0.077450000000000000,0.39749000000000000
2020-08-03,1.04159617,0.105340000000000000,0.079560000000000000,0.37250000000000000
2020-08-04,1.04159906,0.105000000000000000,0.080120000000000000,0.36421000000000000
2020-08-05,1.04160166,0.104340000000000000,0.080560000000000000,0.35586000000000000
2020-08-06,1.04160427,0.104000000000000000,0.081010000000000000,0.34757000000000000
2020-08-07,1.04160687,0.103670000000000000,0.081340000000000000,0.33928000000000000
2020-08-10,1.04161468,0.102670000000000000,0.082340000000000000,0.31440000000000000
2020-08-11,1.04161729,0.102340000000000000,0.082680000000000000,0.30617000000000000
2020-08-12,1.04162018,0.102340000000000000,0.083340000000000000,0.29799000000000000
2020-08-13,1.04162279,0.102000000000000000,0.084120000000000000,0.28970000000000000
2020-08-14,1.04162539,0.101340000000000000,0.084560000000000000,0.28141000000000000
2020-08-17,1.04163320,0.098000000000000000,0.086010000000000000,0.25643000000000000
2020-08-18,1.04163610,0.097340000000000000,0.086680000000000000,0.24815000000000000
2020-08-19,1.04163870,0.096340000000000000,0.087560000000000000,0.23975000000000000
2020-08-20,1.04164130,0.095340000000000000,0.088340000000000000,0.23146000000000000
2020-08-21,1.04164333,0.094000000000000000,0.088680000000000000,0.22306000000000000
2020-08-24,1.04164941,0.091000000000000000,0.089680000000000000,0.19781000000000000
2020-08-25,1.04165172,0.090340000000000000,0.089900000000000000,0.18947000000000000
2020-08-26,1.04165404,0.089670000000000000,0.090120000000000000,0.18113000000000000
2020-08-27,1.04165606,0.088670000000000000,0.090230000000000000,0.17263000000000000
2020-08-28,1.04165809,0.087670000000000000,0.090340000000000000,0.16412000000000000
2020-08-31,1.04166416,0.085000000000000000,0.090680000000000000,0.13843000000000000
2020-09-01,1.04166677,0.084670000000000000,0.090900000000000000,0.13210000000000000
2020-09-02,1.04166937,0.084340000000000000,0.091230000000000000,0.12637000000000000
2020-09-03,1.04167197,0.084000000000000000,0.091450000000000000,0.12076000000000000
2020-09-04,1.04167487,0.084340000000000000,0.091790000000000000,0.11520000000000000
2020-09-07,#N/A,#N/A,#N/A,#N/A
2020-09-08,1.04168529,0.084340000000000000,0.092570000000000000,0.09246000000000000
2020-09-09,1.04168789,0.084340000000000000,0.092790000000000000,0.08630000000000000
2020-09-10,1.04169049,0.084340000000000000,0.092900000000000000,0.08068000000000000
2020-09-11,1.04169310,0.084000000000000000,0.093010000000000000,0.07507000000000000
2020-09-14,1.04170091,0.084000000000000000,0.093230000000000000,0.06601000000000000
2020-09-15,1.04170351,0.084000000000000000,0.093230000000000000,0.06596000000000000
2020-09-16,1.04170641,0.084340000000000000,0.093340000000000000,0.06618000000000000
2020-09-17,1.04170930,0.084340000000000000,0.093460000000000000,0.06651000000000000
2020-09-18,1.04171220,0.084670000000000000,0.093570000000000000,0.06684000000000000
2020-09-21,1.04172001,0.086000000000000000,0.093680000000000000,0.06796000000000000
2020-09-22,1.04172232,0.086340000000000000,0.093790000000000000,0.06834000000000000
2020-09-23,1.04172435,0.086340000000000000,0.093680000000000000,0.06868000000000000
2020-09-24,1.04172609,0.085670000000000000,0.093340000000000000,0.06896000000000000
2020-09-25,1.04172811,0.085340000000000000,0.093230000000000000,0.06929000000000000
2020-09-28,1.04173506,0.086340000000000000,0.093230000000000000,0.07046000000000000
2020-09-29,1.04173737,0.086670000000000000,0.093010000000000000,0.07085000000000000
2020-09-30,1.04173940,0.086670000000000000,0.092570000000000000,0.07118000000000000
2020-10-01,1.04174171,0.086340000000000000,0.092230000000000000,0.07157000000000000
2020-10-02,1.04174403,0.086000000000000000,0.091900000000000000,0.07196000000000000
2020-10-05,1.04175271,0.086670000000000000,0.091680000000000000,0.07346000000000000
2020-10-06,1.04175531,0.086670000000000000,0.091570000000000000,0.07390000000000000
2020-10-07,1.04175821,0.087000000000000000,0.091570000000000000,0.07440000000000000
2020-10-08,1.04176081,0.087000000000000000,0.091450000000000000,0.07485000000000000
2020-10-09,1.04176312,0.086670000000000000,0.091230000000000000,0.07524000000000000
2020-10-12,#N/A,#N/A,#N/A,#N/A
2020-10-13,1.04177354,0.086670000000000000,0.090680000000000000,0.07657000000000000
2020-10-14,1.04177615,0.086670000000000000,0.090230000000000000,0.07690000000000000
2020-10-15,1.04177875,0.086670000000000000,0.089900000000000000,0.07724000000000000
2020-10-16,1.04178165,0.086670000000000000,0.089680000000000000,0.07763000000000000
2020-10-19,1.04178946,0.086000000000000000,0.088680000000000000,0.07879000000000000
2020-10-20,1.04179206,0.086000000000000000,0.088450000000000000,0.07924000000000000
2020-10-21,1.04179438,0.085670000000000000,0.088230000000000000,0.07963000000000000
2020-10-22,1.04179640,0.085340000000000000,0.087900000000000000,0.07985000000000000
2020-10-23,1.04179843,0.085340000000000000,0.087560000000000000,0.08007000000000000
2020-10-26,1.04180537,0.086340000000000000,0.086900000000000000,0.08102000000000000
2020-10-27,1.04180798,0.086670000000000000,0.086790000000000000,0.08146000000000000
2020-10-28,1.04181058,0.087000000000000000,0.086790000000000000,0.08174000000000000
2020-10-29,1.04181290,0.087000000000000000,0.086560000000000000,0.08202000000000000
2020-10-30,1.04181550,0.087670000000000000,0.086450000000000000,0.08235000000000000
2020-11-02,1.04182332,0.088000000000000000,0.086120000000000000,0.08313000000000000
2020-11-03,1.04182650,0.088340000000000000,0.086340000000000000,0.08346000000000000
2020-11-04,1.04182939,0.088340000000000000,0.086450000000000000,0.08374000000000000
2020-11-05,1.04183229,0.088670000000000000,0.086560000000000000,0.08396000000000000
2020-11-06,1.04183547,0.089000000000000000,0.086790000000000000,0.08424000000000000
2020-11-09,1.04184415,0.090340000000000000,0.087120000000000000,0.08491000000000000
2020-11-10,1.04184705,0.090670000000000000,0.087120000000000000,0.08524000000000000
2020-11-11,#N/A,#N/A,#N/A,#N/A
2020-11-12,1.04185284,0.091340000000000000,0.087340000000000000,0.08596000000000000
2020-11-13,1.04185544,0.091340000000000000,0.087340000000000000,0.08619000000000000
2020-11-16,1.04186325,0.091000000000000000,0.087230000000000000,0.08696000000000000
2020-11-17,1.04186615,0.091340000000000000,0.087340000000000000,0.08746000000000000
2020-11-18,1.04186875,0.091340000000000000,0.087340000000000000,0.08785000000000000
2020-11-19,1.04187078,0.090670000000000000,0.087340000000000000,0.08802000000000000
2020-11-20,1.04187252,0.090000000000000000,0.087230000000000000,0.08813000000000000
2020-11-23,1.04187686,0.087670000000000000,0.086450000000000000,0.08819000000000000
2020-11-24,1.04187830,0.086670000000000000,0.086120000000000000,0.08813000000000000
2020-11-25,1.04188033,0.086340000000000000,0.086120000000000000,0.08819000000000000
2020-11-26,#N/A,#N/A,#N/A,#N/A
2020-11-27,1.04188496,0.085670000000000000,0.086340000000000000,0.08841000000000000
2020-11-30,1.04189191,0.085000000000000000,0.086450000000000000,0.08869000000000000
2020-12-01,1.04189451,0.085000000000000000,0.086450000000000000,0.08885000000000000
2020-12-02,1.04189683,0.084670000000000000,0.086340000000000000,0.08891000000000000
2020-12-03,1.04189914,0.083670000000000000,0.086120000000000000,0.08896000000000000
2020-12-04,1.04190146,0.083000000000000000,0.086010000000000000,0.08902000000000000
2020-12-07,1.04190927,0.081670000000000000,0.086010000000000000,0.08930000000000000
2020-12-08,1.04191159,0.081000000000000000,0.085900000000000000,0.08935000000000000
2020-12-09,1.04191361,0.080000000000000000,0.085680000000000000,0.08930000000000000
2020-12-10,1.04191593,0.079340000000000000,0.085560000000000000,0.08930000000000000
2020-12-11,1.04191824,0.078670000000000000,0.085450000000000000,0.08930000000000000
2020-12-14,1.04192519,0.077340000000000000,0.085120000000000000,0.08919000000000000
2020-12-15,1.04192750,0.077000000000000000,0.084900000000000000,0.08913000000000000
2020-12-16,1.04193011,0.077000000000000000,0.084790000000000000,0.08913000000000000
2020-12-17,1.04193271,0.076670000000000000,0.084680000000000000,0.08913000000000000
2020-12-18,1.04193532,0.076670000000000000,0.084680000000000000,0.08913000000000000
2020-12-21,1.04194313,0.079670000000000000,0.084790000000000000,0.08930000000000000
2020-12-22,1.04194574,0.081000000000000000,0.085010000000000000,0.08935000000000000
2020-12-23,1.04194776,0.081670000000000000,0.085120000000000000,0.08924000000000000
2020-12-24,1.04194950,0.082000000000000000,0.085010000000000000,0.08913000000000000
2020-12-25,#N/A,#N/A,#N/A,#N/A
2020-12-28,1.04195876,0.082340000000000000,0.085010000000000000,0.08902000000000000
2020-12-29,1.04196137,0.082670000000000000,0.085230000000000000,0.08891000000000000
2020-12-30,1.04196426,0.083340000000000000,0.085450000000000000,0.08885000000000000
2020-12-31,1.04196687,0.083340000000000000,0.085560000000000000,0.08874000000000000
2021-01-01,#N/A,#N/A,#N/A,#N/A
2021-01-04,1.04197497,0.081670000000000000,0.084340000000000000,0.08796000000000000
2021-01-05,1.04197787,0.082000000000000000,0.084340000000000000,0.08796000000000000
2021-01-06,1.04198105,0.082670000000000000,0.084560000000000000,0.08802000000000000
2021-01-07,1.04198394,0.083340000000000000,0.084790000000000000,0.08802000000000000
2021-01-08,1.04198684,0.084340000000000000,0.084900000000000000,0.08802000000000000
2021-01-11,1.04199465,0.085340000000000000,0.084900000000000000,0.08780000000000000
2021-01-12,1.04199726,0.085670000000000000,0.084900000000000000,0.08757000000000000
2021-01-13,1.04199957,0.085670000000000000,0.084790000000000000,0.08735000000000000
2021-01-14,1.04200189,0.085670000000000000,0.084560000000000000,0.08713000000000000
2021-01-15,1.04200420,0.085340000000000000,0.084450000000000000,0.08691000000000000
2021-01-18,#N/A,#N/A,#N/A,#N/A
2021-01-19,1.04201347,0.084000000000000000,0.084120000000000000,0.08619000000000000
2021-01-20,1.04201549,0.083340000000000000,0.084120000000000000,0.08602000000000000
2021-01-21,1.04201723,0.082340000000000000,0.084010000000000000,0.08580000000000000
2021-01-22,1.04201839,0.081340000000000000,0.083560000000000000,0.08546000000000000
2021-01-25,1.04202273,0.079000000000000000,0.082450000000000000,0.08463000000000000
2021-01-26,1.04202447,0.078340000000000000,0.082120000000000000,0.08446000000000000
2021-01-27,1.04202533,0.076670000000000000,0.081560000000000000,0.08407000000000000
2021-01-28,1.04202620,0.074670000000000000,0.080900000000000000,0.08368000000000000
2021-01-29,1.04202736,0.072670000000000000,0.080340000000000000,0.08335000000000000
2021-02-01,1.04203257,0.071000000000000000,0.079120000000000000,0.08274000000000000
2021-02-02,1.04203460,0.071000000000000000,0.078790000000000000,0.08263000000000000
2021-02-03,1.04203662,0.071000000000000000,0.078450000000000000,0.08252000000000000
2021-02-04,1.04203865,0.070000000000000000,0.078010000000000000,0.08241000000000000
2021-02-05,1.04204010,0.068000000000000000,0.077450000000000000,0.08218000000000000
2021-02-08,1.04204183,0.060330000000000000,0.074780000000000000,0.08096000000000000
2021-02-09,1.04204241,0.058000000000000000,0.073900000000000000,0.08057000000000000
2021-02-10,1.04204386,0.056670000000000000,0.073340000000000000,0.08035000000000000
2021-02-11,1.04204560,0.055670000000000000,0.073010000000000000,0.08018000000000000
2021-02-12,1.04204733,0.055000000000000000,0.072670000000000000,0.08002000000000000
2021-02-15,#N/A,#N/A,#N/A,#N/A
2021-02-16,1.04205312,0.051000000000000000,0.070780000000000000,0.07907000000000000
2021-02-17,1.04205486,0.050330000000000000,0.070670000000000000,0.07902000000000000
2021-02-18,1.04205660,0.049670000000000000,0.070670000000000000,0.07896000000000000
2021-02-19,1.04205746,0.048330000000000000,0.070450000000000000,0.07874000000000000
2021-02-22,1.04205920,0.045330000000000000,0.069450000000000000,0.07779000000000000
2021-02-23,1.04206007,0.044670000000000000,0.069010000000000000,0.07757000000000000
2021-02-24,1.04206036,0.043330000000000000,0.068230000000000000,0.07724000000000000
2021-02-25,1.04206094,0.042000000000000000,0.067560000000000000,0.07696000000000000
2021-02-26,1.04206181,0.042000000000000000,0.067010000000000000,0.07674000000000000
2021-03-01,1.04206267,0.038670000000000000,0.064560000000000000,0.07551000000000000
2021-03-02,1.04206325,0.037330000000000000,0.063890000000000000,0.07513000000000000
2021-03-03,1.04206441,0.036670000000000000,0.063450000000000000,0.07479000000000000
2021-03-04,1.04206557,0.035670000000000000,0.063000000000000000,0.07451000000000000
2021-03-05,1.04206615,0.034000000000000000,0.062230000000000000,0.07412000000000000
2021-03-08,1.04206788,0.031330000000000000,0.060000000000000000,0.07296000000000000
2021-03-09,1.04206846,0.031330000000000000,0.059450000000000000,0.07257000000000000
2021-03-10,1.04206904,0.031330000000000000,0.058780000000000000,0.07218000000000000
2021-03-11,1.04206962,0.031330000000000000,0.058120000000000000,0.07179000000000000
2021-03-12,1.04206991,0.030000000000000000,0.057340000000000000,0.07135000000000000
2021-03-15,1.04207078,0.025330000000000000,0.055000000000000000,0.06996000000000000
2021-03-16,1.04207107,0.024000000000000000,0.054110000000000000,0.06946000000000000
2021-03-17,1.04207136,0.022670000000000000,0.053230000000000000,0.06896000000000000
2021-03-18,1.04207165,0.021330000000000000,0.052340000000000000,0.06851000000000000
2021-03-19,1.04207194,0.019670000000000000,0.051450000000000000,0.06807000000000000
2021-03-22,1.04207281,0.017000000000000000,0.048780000000000000,0.06690000000000000
2021-03-23,1.04207309,0.016670000000000000,0.048110000000000000,0.06662000000000000
2021-03-24,1.04207338,0.016330000000000000,0.047560000000000000,0.06629000000000000
2021-03-25,1.04207367,0.015670000000000000,0.046780000000000000,0.06590000000000000
2021-03-26,1.04207396,0.015670000000000000,0.046000000000000000,0.06551000000000000
